productId,title,category,price,quantity
48,Sweater Dress Winter,WOMEN,18.7,200
49,Beach Dress Woman,WOMEN,13.21,431
50,Long Party Dresses,WOMEN,16.3,360
51,new women's hollow slim dress,WOMEN,28.7,300
52,Midi Dresses Spring Women,WOMEN,16.99,40
53,Long beaut Dress Elegant,WOMEN,21.52,200
54,white lace dress women,WOMEN,16.25,300
55,Autumn New Dresses Classic,WOMEN,189.0,10
56,Sweater Long Dresses,WOMEN,16.88,200
57,Cute Large Dress Big Robe,WOMEN,25.2,500
58,Midi Dress,WOMEN,12.8,234
59,Long Dress,WOMEN,44.79,290
60,Midi Dress Women,WOMEN,13.43,340
61,pregnant t shirt dress,WOMEN,9.34,100
62,Short Sleeve A Line Dress For Women,WOMEN,12.56,300
63,Comfortable Party Dress,WOMEN,38.0,200
64,Long Dresses,WOMEN,17.86,200
65,White Midi Dress,WOMEN,90.0,299
66,Casual Dress Female,WOMEN,19.15,300
67,Black Casual Cartoon Dress,WOMEN,19.6,288
68,Dress 2020 New Office Lady,WOMEN,15.5,100
69,mid-length pullover knitted dress,WOMEN,25.06,190
70,Shirt Dresses Fashion,WOMEN,12.91,150
71,Print Patchwork Loose Dress,WOMEN,15.9,120
72,Floral Print Women Dress,WOMEN,17.97,128
73,Bodycon gothic Dresses,WOMEN,23.1,0
74,office work dresses,WOMEN,68.98,120
75,Winter Bodycon Vestidos,WOMEN,16.9,130
76,ladies work dress 2020,WOMEN,17.39,120
77,Women Casual Dress,WOMEN,24.65,250
78,Women Fashion Round Glasses,WOMEN,4.22,200
82,Women Cat Eye Sun Glasses,WOMEN,1.89,230
83,Sun Glasses For Women,WOMEN,0.01,290
84,Women Warm Cotton,WOMEN,8.48,230
85,Jacket Brand Men Military,MEN,29.72,240
86,New Jackets Parka,MEN,6.3,120
87,Jeans Jacket,MEN,22.25,345
88,Bomber Jacket,MEN,19.8,100
89,Single Breasted Jeans Jacket,MEN,24.99,123
90,Autumn Jacket Men,MEN,24.29,90
91,Jacket Men Fashion,MEN,29.77,38
92,Denim jacket,MEN,21.4,100
93,Casual Jacket Men,MEN,22.94,123
94,Hot Slim Mens Jackets,MEN,24.19,50
96,Female Travel Fashion Hand Bag,WOMEN,11.77,120
97,Shoulder Bags,WOMEN,9.3,300
98,PU Leather Crossbody Bags,WOMEN,9.99,149
99,Shoulder Bag Classic Designer,WOMEN,89.64,124
100,Shoulder Bags Ladies,WOMEN,18.2,134
101,Cross Body Bag,WOMEN,14.38,130
102,Crossbody Bags,WOMEN,19.98,230
103,Small Handbag Designer,WOMEN,9.79,200
104,Gym T-shirt Men,MEN,7.39,256
105,T Shirt Men Hip Hop,MEN,10.97,100
106,AMBUSH Popular T-shirt,MEN,16.55,130
107,T Shirt Casual,MEN,10.79,123
108,Black T-shirt,MEN,8.39,230
109,Men T Shirt Casual,MEN,19.12,120
110,Sik Silk T-shirt Men,MEN,12.58,340
111,Army Camouflage T Shirt Men,MEN,12.99,129
112,Baby girs plaid clothes,KIDS,20.5,235
113,Girl Clothing,KIDS,9.89,100
119,women's costumes,WOMEN,28.2,280
120,Women Blazer Suits,WOMEN,23.84,243
121,Cartoon t-shirt + short,KIDS,3.95,200
122,New Sweet Princess Dress Baby Kids,KIDS,7.59,178
123,Kids Dresses for Girls,KIDS,7.77,277
124,Pajamas Dress Kids,KIDS,1.27,127
125,Baby Girl T Shirts,KIDS,3.62,100
126,Boys Coats+T-shirt+Pants,KIDS,7.99,143
127,T Shirt 3D Printed Super Mario,KIDS,6.84,120
128,Rock Kids T-Shirt,KIDS,4.65,146
129,Children Cartoon T-shirts,KIDS,4.39,129
130,Kids Outfits,KIDS,7.88,100
135,SHEIN Ruched Bust Knotted Ditsy Floral Cami Dress,WOMEN,24.0,314
136,Ruffle Cuff Dalmatian Dress,WOMEN,23.0,390
137,SHEIN Tie Neck Ruched Bust Tiered Dress,WOMEN,24.0,191
138,SHEIN Plunging Tied Backless Ruffle Trim Floral Print Dress,WOMEN,35.0,254
139,SHEIN Batwing Sleeve Twist Cutout Back Striped Top,WOMEN,26.0,120
140,Chain Cold Shoulder Solid Blouse,WOMEN,29.0,160
141,SHEIN V-neck Solid Peplum Top,WOMEN,25.0,372
142,SHEIN Cap Sleeve Schiffy Top,WOMEN,31.0,370
143,SHEIN Fold Pleated Floral Print Top,WOMEN,29.0,342
144,SHEIN Batwing Sleeve Floral Print Top,WOMEN,31.0,231
145,Snakeskin Print Fake Pocket Blouse,WOMEN,39.0,152
146,SHEIN Draped Front Solid Satin Top,WOMEN,27.0,249
147,Leopard Print Surplice Front Peplum Blouse,WOMEN,25.0,228
148,SHEIN Collared Drop Shoulder Buttoned Front Twist Hem Tartan Blouse,WOMEN,39.0,265
149,Notched Bishop Sleeve Frill Trim Peplum Blouse,WOMEN,33.0,267
150,SHEIN Keyhole Neck Striped Top,WOMEN,36.0,393
151,SHEIN Off Shoulder Lantern Sleeve Crop Top,WOMEN,36.0,260
152,Allover Floral Print Shirred Detail Top,WOMEN,31.0,103
153,SHEIN Gathered Neckline Ruffle Trim Floral Top,WOMEN,18.0,246
154,Dalmatian Print Knot Front Peplum Blouse,WOMEN,21.0,206
155,SHEIN Puff Sleeve Floral Print Top,WOMEN,33.0,220
156,Contrast Floral Print Sleeve Top,WOMEN,37.0,116
157,Allover Floral Flounce Sleeve Blouse,WOMEN,32.0,157
158,SHEIN Drop Shoulder Pleated Detail Blouse,WOMEN,20.0,297
159,Notched Neck Pleated Decoration Blouse,WOMEN,39.0,112
160,SHEIN Batwing Sleeve Floral Print Top,WOMEN,25.0,250
161,Floral Print Backless Tie Back Peplum Blouse,WOMEN,28.0,385
162,SHEIN Puff Sleeve Shirred Floral Milkmaid Top,WOMEN,33.0,240
163,SHEIN Flounce Sleeve Swiss Dot Chiffon Top,WOMEN,22.0,267
164,Gold Polka Dotted Keyhole Back Blouse,WOMEN,21.0,315
165,Half Zip Solid Top,WOMEN,30.0,326
166,Allover Floral Shirred Waist Blouse,WOMEN,28.0,142
167,SHEIN Tie Neck Ruffle Trim Ditsy Floral Top,WOMEN,37.0,156
168,SHEIN Men Paisley & Geo Print Tee,MEN,23.0,338
169,SHEIN Men Alien Print Tie Dye Tee,MEN,30.0,165
170,SHEIN Men Scarf Print Slant Pocket Shorts,MEN,19.0,389
171,SHEIN Men Drawstring Waist Tie Dye Shorts,MEN,20.0,100
172,SHEIN Men Pocket Patched Tie Dye Tee,MEN,25.0,144
173,SHEIN Men Tie Dye Letter & Gesture Graphic Tee,MEN,18.0,218
174,Men Paisley Patchwork Button Up Shirt,MEN,30.0,138
175,SHEIN Men Pineapple Print Tee,MEN,30.0,232
176,SHEIN Men Notch Collar Colorblock Striped Shirt,MEN,21.0,349
177,SHEIN Men Striped Button Shirt & Shorts Set,MEN,25.0,294
178,SHEIN Men Cartoon Graphic Tie Dye Sweat Shorts,MEN,28.0,104
179,Men Tropical & Letter Graphic Tee,MEN,37.0,243
180,Men Tropical Print Curved Hem Hawaiian Shirt,MEN,25.0,277
181,Men Demon Print Open Front Kimono,MEN,27.0,252
182,Men Letter Patched Cut And Sew Swim Trunks,MEN,34.0,210
183,SHEIN Men Notched Collar Paisley Print Spliced Shirt & Shorts Set,MEN,39.0,355
184,SHEIN Men Floral Print Tie Dye Pullover,MEN,22.0,186
185,Men Leopard Print Drawstring Trunks,MEN,33.0,349
186,Men Drawstring Waist Solid Swim Trunks,MEN,26.0,249
187,Men Lace-up Decor Colorblock Chunky Sneakers,MEN,19.0,395
188,Men Neon Lime Lace-up Front Sneakers,MEN,29.0,313
189,Men Lace-up Front Mesh Panel Sneakers,MEN,39.0,379
190,Men Lace-up Front Low Top Sneakers,MEN,24.0,227
191,Men Lace-up Front Letter Graphic Chunky Sneakers,MEN,19.0,361
192,Men Colorblock Chunky Sneakers,MEN,37.0,387
193,Men Letter Graphic Knit Sneakers,MEN,28.0,373
194,Men Lace-up Front Low Top Sneakers,MEN,29.0,128
195,Men Lace-up Front Mesh Panel Chunky Sneakers,MEN,33.0,215
196,Men Minimalist Lace-up Front Low Top Sneakers,MEN,37.0,106
197,Men Lace-up Decor Wide Fit Sneakers,MEN,26.0,336
198,Men Lace-up Front Knit Sneakers,MEN,39.0,138
199,Men Lace-up Front Velcro Strap Sneakers,MEN,26.0,203
200,Men Letter Graphic Mesh Panel Sneakers,MEN,27.0,361
201,Men Lace-up Front Cartoon Graphic Chunky Sneakers,MEN,22.0,198
202,Men Lace-up Front Colorblock Sneakers,MEN,27.0,310
203,Men Lace-up Front Knit Sneakers,MEN,32.0,206
204,Men Lace-up Front Colorblock Sneakers,MEN,23.0,218
205,Men Lace-up Decor Wide Fit Sneakers,MEN,22.0,114
206,Men Lace-up Front Low Top Sneakers,MEN,35.0,296
207,Men Lace-up Decor Wide Fit Sneakers,MEN,38.0,264
208,Men Lace-up Front Breathable Skate Shoes,MEN,35.0,384
209,Men Lace-up Decor Low Top Sneakers,MEN,34.0,318
210,Men Lace Up Decor Knit High Top Sneakers,MEN,36.0,346
211,Men Color Block Non-slip Sneakers,MEN,32.0,249
212,Men Lace-up Decor Wide Fit Sneakers,MEN,30.0,147
213,Men Lace-up Front Colorblock Sneakers,MEN,35.0,221
214,Men Lace-up Front Textured Chunky Sneakers,MEN,36.0,323
215,Men Lace-up Front Letter Graphic Skate Shoes,MEN,18.0,358
216,Men Lace-up Decor Low Top Knit Sneakers,MEN,22.0,318
224,SHEIN Boys Slogan Graphic Top & Pants Set,KIDS,20.0,191
225,SHEIN Boys Dinosaur Print Top & Allover Print Shorts Set,KIDS,30.0,327
226,SHEIN Boys Shoes and Letter Graphic Top & Pants Set,KIDS,22.0,313
227,SHEIN Boys Letter Graphic Patch Pocket Top & Shorts Set,KIDS,34.0,113
228,SHEIN Boys Pocket Patched Tee and Drawstring Waist Camo Joggers Set,KIDS,35.0,351
229,SHEIN Boys Slogan Graphic Cuff Tribal and Striped Top & Shorts Set,KIDS,38.0,180
230,SHEIN Boys Dalmatian and Letter Graphic Tee and Track Shorts Set,KIDS,22.0,386
231,SHEIN Boys Slogan Graphic Tee and Tie Front Track Shorts Set,KIDS,20.0,287
232,SHEIN Boys Letter Graphic Geo Hoodie and Slant Pocket Joggers Set,KIDS,24.0,113
233,SHEIN Boys Camo Print Tee and Slant Pocket Track Shorts Set,KIDS,39.0,305
234,SHEIN Boys Slogan and Gesture Print Tee and Pants Set,KIDS,35.0,151
235,SHEIN Boys Geo Print Top & Shorts Set,KIDS,19.0,260
236,SHEIN Boys Chevron Print Pullover & Sweatpants Set,KIDS,31.0,232
237,SHEIN Boys Letter Graphic Pullover & Sweatpants Set,KIDS,33.0,373
238,SHEIN Boys Letter Graphic Top & Drawstring Waist Shorts Set,KIDS,19.0,175
239,SHEIN Boys Slogan Graphic Top & Metallic Pants Set,KIDS,30.0,142
240,SHEIN Boys Camo Pocket Patched Tee and Shorts Set,KIDS,25.0,334
241,SHEIN Boys Dinosaur and Letter Print Top & Camo Pants Set,KIDS,27.0,299
242,SHEIN Boys Slogan and Striped Top & Pants Set,KIDS,28.0,124
243,SHEIN Boys Cartoon Graphic Tee & Shorts Set,KIDS,25.0,290
244,SHEIN Boys Letter Graphic Colorblock Pullover and Sweatpants Set,KIDS,36.0,353
245,SHEIN Boys Slogan Graphic Top & Knot Waist Joggers Set,KIDS,20.0,136
246,SHEIN Boys Patch Detail Ombre Top & Track Shorts Set,KIDS,29.0,124
247,SHEIN Boys Letter Graphic Ombre Pullover & Joggers Set,KIDS,24.0,151
248,SHEIN Boys Striped and Letter Tee and Drawstring Waist Track Shorts Set,KIDS,37.0,211
249,SHEIN Boys Letter Graphic Top & Reflective Detail Pants Set,KIDS,38.0,290
250,SHEIN Boys Figure Graphic Top & Letter Tape Sideseam Sweatpants Set,KIDS,31.0,213
251,SHEIN Boys Color Block Tee and Drawstring Waist Joggers Set,KIDS,24.0,150
252,SHEIN Boys Pocket Front Top & Camo Shorts Set,KIDS,38.0,281
253,Boys Camo Panel Letter Patched Sweatshirt With Pants,KIDS,36.0,350
254,SHEIN Boys Letter Graphic Top & Colorblock Camo Shorts Set,KIDS,37.0,197
255,SHEIN Boys Embroidered Pocket Patched Tee and Gingham Shorts Set,KIDS,19.0,227
256,SHEIN Boys Letter Tape Color Block Camo Tee & Sweatpants Set,KIDS,34.0,250
257,SHEIN Boys Letter Graphic Colorblock Tee and Track Shorts Set,KIDS,21.0,232
258,SHEIN Boys Letter Graphic Contrast Sideseam Top & Houndstooth Pants Set,KIDS,19.0,256
259,SHEIN Boys Zip Up Striped Trim Plaid Jacket & Pants Set,KIDS,28.0,329
260,SHEIN Boys Drop Shoulder Slogan Graphic Top & Plaid Pants Set,KIDS,39.0,341
261,SHEIN Boys Letter and Tropical Print Top & Split Side Striped Trim Shorts Set,KIDS,36.0,106
262,SHEIN Boys Patch Pocket Top & Graphic Print Sweatpants Set,KIDS,30.0,314
263,SHEIN Boys Tiger and Baroque Print Top & Pants Set,KIDS,21.0,118
264,SHEIN Boys Slogan Graphic Top & Camo Pants Set,KIDS,18.0,216
265,SHEIN Boys Letter Graphic Top & Dinosaur Print Shorts Set,KIDS,38.0,234
266,SHEIN Boys Lapel Neck Tartan Blazer & Shorts Set,KIDS,21.0,106
267,SHEIN Boys Slogan Graphic Tee & Camo Shorts Set,KIDS,39.0,195
268,SHEIN Boys Letter Graphic Striped Top & Pants Set,KIDS,27.0,330
269,SHEIN Boys Lion & Letter Graphic Top & Shorts Set,KIDS,21.0,166
270,SHEIN Boys Cartoon Graphic Tie Dye Top & Shorts Set,KIDS,26.0,234
271,SHEIN Boys Letter Graphic Tee & Flap Pocket Patched Detail Cargo Pants Set,KIDS,30.0,333
272,SHEIN Boys Geo Print Spliced Top & Joggers Set,KIDS,23.0,193
273,SHEIN Boys Slogan and Hand Print Top & Shorts Set,KIDS,33.0,275
274,SHEIN Boys Slogan Tape Detail Two Tone Tee & Track Shorts Set,KIDS,22.0,229
275,SHEIN Boys Embroidery Letter Contrast Side Seam Velvet Hoodie & Pants Set,KIDS,27.0,303
276,SHEIN Boys Letter Graphic Pullover & Sweatpants Set,KIDS,19.0,376
277,SHEIN Boys Contrast Striped Tape Dinosaur Print Top & Sweatpants Set,KIDS,33.0,209
278,SHEIN Boys Slogan Graphic Tee & Camo Shorts Set,KIDS,23.0,146
279,SHEIN Boys Letter Graphic Raglan Sleeve Hoodie & Sweatpants Set,KIDS,35.0,244
280,SHEIN Boys Drop Shoulder Allover Print Pullover & Sweatpants Set,KIDS,26.0,173
281,3pairs Fruit Pattern Mesh Socks,WOMEN,13.0,245
282,Striped Pattern Scarf,WOMEN,8.0,263
283,Structure Sided Aviator Sunglasses,WOMEN,14.0,166
284,5pairs Planet Pattern Socks,WOMEN,12.0,294
285,Butterfly Pattern Bucket Hat,WOMEN,7.0,211
286,Rhinestone Decor Hair Hoop,WOMEN,12.0,215
287,Acrylic Hair Claw,WOMEN,10.0,236
288,2pairs Flame Pattern Plaid Socks,WOMEN,14.0,230
289,3pairs Figure Graphic Socks,WOMEN,12.0,245
290,2pairs Alien Embroidery Socks,WOMEN,12.0,243
291,5pairs Bee Pattern Socks,WOMEN,10.0,175
292,2pairs Bass Embroidered Socks,WOMEN,7.0,259
293,Leopard Pattern Tights,WOMEN,10.0,148
294,2pcs Plain Fluffy Scrunchie,WOMEN,14.0,289
295,Fish Pattern Socks,WOMEN,13.0,204
296,Pearl Decor Belt,WOMEN,11.0,148
297,Square Metal Frame Glasses,WOMEN,10.0,146
300,Gemstone Decor Hair Hoop,WOMEN,7.0,220
301,Rhinestone Decor Hair Accessory,WOMEN,12.0,217
302,Faux Pearl Decor Hair Hoop,WOMEN,9.0,165
303,3pcs Rhinestone Bow Decor Hair Clip,WOMEN,7.0,217
304,Eyelet Decor Tape Belt,WOMEN,12.0,207
305,3pcs Polka Dot Scrunchie Scarf,WOMEN,8.0,131
306,Embroidered Ring Decor Baseball Cap,WOMEN,9.0,243
307,Braided Hair Hoop,WOMEN,9.0,269
308,Leopard Raw Edge Scarf,WOMEN,11.0,189
309,Rhinestone Decor Acrylic Frame Sunglasses,WOMEN,8.0,102
310,4pcs Gemstone Decor Hair Clip,WOMEN,9.0,110
311,Metal Floral Decor Belt,WOMEN,12.0,241
312,7pcs Pom Pom Decor Hair Tie,WOMEN,10.0,235
313,4pairs Heart Embroidered Stripe Socks,WOMEN,13.0,127
314,2pcs Pearl Decor Knotted Hair Hoop,WOMEN,11.0,186
315,4pcs Striped Braided Hair Clip,WOMEN,7.0,274
316,Faux Pearl Flower Decor Hair Accessory,WOMEN,14.0,226
317,Metal Buckle Wide Belt,WOMEN,13.0,285
318,Vintage Pattern Bandana,WOMEN,9.0,239
319,Floral Pattern Twilly Scarf,WOMEN,14.0,180
320,Embroidery Hair Hoop,WOMEN,13.0,214
321,Metallic Leaf Decor Belt,WOMEN,11.0,131
322,2pcs Lemon Pattern Bandana,WOMEN,11.0,207
323,Gemstone Decor Hair Hoop,WOMEN,9.0,110
324,Rhinestone Decor Hair Hoop,WOMEN,9.0,183
325,Rhinestone Decor Hair Hoop,WOMEN,11.0,187
326,Rhinestone Decor Hair Hoop,WOMEN,7.0,107
327,Slogan Design Geometric Charm Keychain,WOMEN,9.0,189
328,Rhinestone Decor Hair Hoop,WOMEN,14.0,190
329,Rhinestone Decor Hair Hoop,WOMEN,11.0,219
330,Rhinestone Decor Hair Hoop,WOMEN,8.0,261
331,Chinese Dragon Pattern Socks,WOMEN,11.0,177
332,Leopard Print Bandana,WOMEN,13.0,261
333,Knot Decor Rainbow Striped Hair Hoop,WOMEN,9.0,284
334,Faux Pearl Beaded Hair Hoop,WOMEN,10.0,146
335,Simple Buckle Belt,WOMEN,9.0,167
336,4pcs Bow Decor Scrunchie,WOMEN,8.0,203
339,Lapel Neck Single Button Velvet Blazer,WOMEN,23.0,181
340,Contrast Sleeve Double Breasted Blazer,WOMEN,18.0,194
341,Shirred Waist Hook and Eye Peplum Blazer,WOMEN,23.0,163
342,Shawl Collar Buckle Belted Blazer,WOMEN,20.0,164
343,Single Button Silky Longline Blazer,WOMEN,27.0,133
344,Notch Collar Tie Back Wrap Tartan Blazer,WOMEN,23.0,173
345,Leopard Print Crop Blazer,WOMEN,23.0,141
346,Neon Yellow Lapel Neck Blazer,WOMEN,25.0,186
347,Single Button Crocodile PU Leather Blazer,WOMEN,19.0,172
348,SHEIN Notched Collar Roll Tab Sleeve Blazer,WOMEN,17.0,124
349,SHEIN Open Front Solid Blazer,WOMEN,25.0,193
350,Double Breasted Blazer Vest,WOMEN,17.0,181
351,SHEIN Waterfall Collar Gigot Sleeve Asymmetrical Hem Houndstooth Blazer,WOMEN,15.0,104
352,SHEIN Shawl Neck Solid Blazer,WOMEN,20.0,199
353,Houndstooth Button Up Blazer Dress,WOMEN,17.0,111
354,Lapel Collar Open Front Floral Blazer,WOMEN,28.0,180
355,SHEIN Ruched Bust Hook and Eye Crop Blazer,WOMEN,19.0,109
356,SHEIN Notch Collar Double Button Blazer Dress,WOMEN,23.0,103
357,Single Button Newspaper Print Blazer,WOMEN,24.0,196
358,Notch Collar Eyelash Lace Trim Blazer,WOMEN,21.0,180
359,Solid Single Breasted Lapel Collar Blazer,WOMEN,15.0,132
360,Lapel Collar Solid Crop Blazer,WOMEN,25.0,113
361,SHEIN Lapel Collar Flap Detail Solid Blazer,WOMEN,16.0,165
362,SHEIN Shawl Collar Gathered Sleeve Flap Detail Blazer,WOMEN,21.0,132
363,Shawl Collar Single Button Blazer,WOMEN,25.0,126
364,Fire Print Single Breasted Blazer,WOMEN,15.0,131
365,SHEIN Peak Collar Single Breasted Blazer With Belt,WOMEN,24.0,177
366,SBetro Shawl Collar Ruffle Hem Houndstooth Blazer Dress,WOMEN,27.0,103
367,Single Breasted Solid Blazer,WOMEN,20.0,131
368,Tartan Plaid Lapel Neck Blazer,WOMEN,25.0,156
369,Solid Lapel Neck Cape Blazer,WOMEN,27.0,105
370,SHEIN Contrast Lantern Sleeve Double Breasted Blazer Dress,WOMEN,26.0,106
371,SHEIN Single Button Crocodile PU Leather Blazer,WOMEN,24.0,161
372,SHEIN Lapel Neck Shirred Waist Blazer,WOMEN,19.0,134
373,SHEIN Shawl Collar Single Button Laser Cut Blazer,WOMEN,22.0,192
374,Solid Flounce Sleeve Belted Blazer,WOMEN,23.0,188
375,SHEIN Notched Collar Buttoned Front Blazer,WOMEN,27.0,121
376,SHEIN Peak Collar Pleated Panel Double Button Cape Blazer,WOMEN,27.0,131
377,Double Breasted Patchwork Blazer,WOMEN,19.0,135
378,SHEIN Notched Collar Belted Blazer Dress,WOMEN,21.0,125
379,SHEIN Peak Collar Double Breasted Blazer,WOMEN,26.0,164
380,SHEIN Shawl Collar Floral Print Blazer,WOMEN,20.0,163
381,SHEIN Notched Collar Single Breasted Plaid Blazer Without Belt,WOMEN,15.0,189
382,Shawl Collar Double Breasted Blazer Dress,WOMEN,24.0,124
383,SHEIN Notched Collar Colorblock Tweed Blazer,WOMEN,24.0,106
384,Shawl Collar Allover Floral Print Blazer,WOMEN,27.0,162
385,SHEIN Notched Collar PU Leather Crop Blazer,WOMEN,29.0,103
386,Solid Single Button Blazer,WOMEN,26.0,160
387,Lapel Neck Double Button Blazer,WOMEN,16.0,185
388,SHEIN Notched Collar Double Breasted Self Belted Gingham Sleeveless Blazer,WOMEN,25.0,195
389,Men Constellation Charm Necklace,MEN,4.0,192
390,Men Skull Charm Necklace,MEN,8.0,190
391,Men Spider Decor Stud Earrings,MEN,6.0,164
392,Men Skull Decor Necklace,MEN,5.0,121
393,Men Spider Charm Necklace,MEN,8.0,197
394,Men Spider Charm Necklace,MEN,9.0,120
395,Men Feather Charm Necklace,MEN,8.0,184
396,Men Skull Charm Necklace,MEN,4.0,142
397,Men Halloween Pumpkin Decor Stud Earrings,MEN,5.0,120
398,3pcs Men Barbell Stud Earrings & One Time Use Disposable Ear Piercing Tool,MEN,5.0,186
399,Men Chinese Language Charm Necklace,MEN,8.0,129
400,Men Halloween Tomahawk Charm Necklace,MEN,3.0,194
401,Two Tone Ring,MEN,5.0,166
402,Men Halloween Pumpkin Design Stud Earrings,MEN,6.0,169
403,Men Halloween Skull Charm Necklace,MEN,4.0,107
404,Men Bat Decor Stud Earrings,MEN,5.0,184
405,Men Spider Design Earring Jackets,MEN,3.0,198
406,Men Rhinestone Decor Skull Earring Jackets,MEN,9.0,193
407,2pcs Men Eye Decor Ring,MEN,3.0,115
408,Men Halloween Pumpkin Design Stud Earrings,MEN,3.0,144
409,Men Rhinestone Decor Skull Design Ring,MEN,6.0,150
410,2pcs Men Eye Design Ring,MEN,7.0,176
411,Men Skull Decor Mittens Bracelet,MEN,6.0,174
412,Men Skull Decor Bracelet,MEN,8.0,110
413,Men Skull Decor Bracelet,MEN,6.0,157
414,Men Hollow Out Metal Decor Necklace,MEN,3.0,174
415,Men Halloween Skull Decor Bracelet,MEN,3.0,134
416,Men Seahorse Decor Earrings,MEN,9.0,122
417,Men Metal Decor Layered Bracelet,MEN,3.0,194
418,Men Snake Design Stud Earrings,MEN,6.0,129
419,Men Gemstone Decor Ring,MEN,6.0,135
420,4pairs Men Geo Design Earrings,MEN,9.0,126
421,Men Scorpion Decor Bracelet,MEN,6.0,190
422,3pcs Men Beaded Bracelet,MEN,8.0,123
423,Men Simple Metal Bracelet,MEN,4.0,118
424,Men Metal Layered Bracelet,MEN,5.0,148
425,Men Round Charm String Bracelet,MEN,9.0,151
426,3pairs Men Simple Double Stud Earrings,MEN,9.0,149
427,Men Serpentine Ring,MEN,6.0,108
428,5pcs Men Heart Decor Nose Ring And One Time Use Disposable Nose Piercing Tool,MEN,3.0,180
429,Men Rhinestone Decor Broken Heart Charm Necklace,MEN,9.0,151
430,3pcs Men Lock Decor Chain Bracelet,MEN,6.0,127
431,4pcs Men Simple Nose Ring,MEN,3.0,184
432,Men Stainless Steel Decor Bracelet,MEN,5.0,155
433,3pairs Men Barbell Earrings,MEN,9.0,104
434,Men Flower Design Belly Bar,MEN,4.0,127
435,Men Simple Necklace,MEN,7.0,187
436,Men Braided Bracelet,MEN,3.0,185
437,Men Gemstone Decor Ring,MEN,8.0,147
438,Men Rhinestone Heart Decor Belly Ring,MEN,7.0,117
439,10pcs Men Braided Bracelet,MEN,9.0,138
440,3pcs Men Letter Decor Bracelet,MEN,5.0,137
441,4pcs Men Heart Design Ear Cuff,MEN,6.0,159
442,7pcs Men Seashell Decor Ring,MEN,5.0,118
443,3pcs Men Lock Decor Chain Bracelet,MEN,8.0,122
444,Baby Girl Floral Contrast Lace Bodysuit With Headband,KIDS,13.0,153
445,Baby Girl Rainbow Print Frill Trim Jumpsuit,KIDS,7.0,118
446,Baby Unisex Cartoon Graphic Tee Bodysuit,KIDS,12.0,134
447,Baby Boy Half Button Striped Jumpsuit,KIDS,13.0,129
448,Baby Boy Cartoon Bear & Slogan Graphic Hoodie Jumpsuit,KIDS,7.0,199
449,Baby Girl Cartoon Graphic Rib-Knit Jumpsuit,KIDS,7.0,166
450,Baby Girl Heart And Slogan Graphic Bodysuit,KIDS,10.0,194
451,Baby Boy Dinosaur & Letter Graphic Jumpsuit,KIDS,13.0,119
452,Baby Girl Varsity Striped & Polka Dot Print Footed Jumpsuit With Hat,KIDS,13.0,102
453,Baby Boy Snowman And Penguin Print Ringer Jumpsuit,KIDS,13.0,101
454,Baby Boy Cartoon Graphic Embroidery Popper Romper,KIDS,9.0,113
455,Baby Boy Slogan Graphic Popper Bodysuit,KIDS,12.0,167
456,Baby Girl Cartoon Graphic Jumpsuit,KIDS,12.0,139
457,Baby Unisex Striped & Cartoon Graphic Jumpsuit With Hat,KIDS,5.0,140
458,Baby Boy Two Tone Slogan Graphic Jumpsuit,KIDS,14.0,104
459,Baby Boy Slogan Graphic Popper Bodysuit,KIDS,12.0,194
460,Baby Girl Bow Front Romper & Headband,KIDS,10.0,105
461,Baby Boy Slogan Graphic Bodysuit,KIDS,13.0,130
462,Baby Girl Allover Watermelon Print Bodysuit With Headband,KIDS,11.0,131
463,Baby Boy Heart And Slogan Graphic Tee Bodysuit,KIDS,8.0,197
464,Baby Girl Bow Print Ruffle Sweatshirt Jumpsuit,KIDS,7.0,115
465,Baby Unisex Slogan Graphic Popper Bodysuit,KIDS,13.0,150
466,Baby Boy Dinosaur Print Romper,KIDS,8.0,125
467,Baby Boy 5pcs Cartoon & Galaxy Print Tee Bodysuit,KIDS,11.0,169
468,Baby Boy Peter Pan Collar Bow Front Jumpsuit,KIDS,11.0,179
469,Baby Girl Crisscross Back Rib-knit Cami Bodysuit,KIDS,11.0,164
470,Baby Boy Cartoon Fox Patched Striped Jumpsuit,KIDS,12.0,161
471,Baby Boy Dog And Letter Graphic Striped Jumpsuit,KIDS,6.0,179
472,Baby Girl Floral Colorblock Ruffle Trim Jumpsuit & Headband,KIDS,11.0,170
473,Baby Girl Striped Bow Front Tee Jumpsuit,KIDS,9.0,126
474,Baby Boy Graphic Print Bodysuit & Hat,KIDS,10.0,152
475,Baby Unisex Cartoon Lion And Rainbow Print Jumpsuit,KIDS,11.0,126
476,Baby Boy Watercolor Cartoon Jumpsuit,KIDS,13.0,132
477,Baby Girl Floral Print Bodysuit & Headband,KIDS,10.0,194
478,Baby Girl Contrast Binding Cami Rompers,KIDS,11.0,181
479,Baby Boy Letter & Cartoon Graphic Jumpsuit,KIDS,8.0,145
480,Baby Boy Cartoon Graphic Raglan Sleeve Jumpsuit,KIDS,8.0,163
481,Baby Girl Striped & Cartoon Patched Jumpsuit,KIDS,10.0,173
482,Baby Unisex Slogan Graphic Popper Bodysuit,KIDS,10.0,136
483,Baby Boy Cartoon Dinosaur & Letter Graphic Sweatshirt Jumpsuit,KIDS,12.0,165
484,Baby Boy Letter Graphic Jumpsuit & Hat,KIDS,13.0,194
485,Baby Girl Cartoon Unicorn & Star Print Jumpsuit,KIDS,8.0,167
486,Baby Boy Striped And Cartoon Graphic Jumpsuit,KIDS,9.0,143
487,Baby Girl Half Button Pocket Front Jumpsuit,KIDS,14.0,111
488,Baby Boy Cartoon Print Jumpsuit,KIDS,14.0,128
489,Baby Boy Cartoon & Geo Print Jumpsuit,KIDS,13.0,108
490,Baby Boy Dinosaur & Letter Graphic Bodysuit,KIDS,14.0,160
491,Baby Boy 4pcs Lone Sleeve Bodysuit,KIDS,5.0,179
492,Baby Boy Houndstooth Bow Shirt Jumpsuit,KIDS,13.0,128
493,Baby Girl Cartoon And Letter Print Jumpsuit,KIDS,7.0,108
494,Baby Boy Colorblock Slogan Graphic Jumpsuit,KIDS,11.0,142
495,Baby Unisex Cartoon Graphic Jumpsuit,KIDS,12.0,121
496,Baby Boy Watermelon Print Bodysuit,KIDS,9.0,173
497,Baby Boy Cartoon And Slogan Graphic Tank Romper,KIDS,11.0,156
498,Baby Girl Contrast Panel Letter Graphic Hooded Jumpsuit,KIDS,8.0,161
499,Baby Boy Sailor Collar Half Button Jumpsuit,KIDS,6.0,192
500,Baby Boy 2 In 1 Cartoon Bear Graphic Jumpsuit & Hat,KIDS,5.0,115
501,Baby Girl Contrast Lace Criss Cross Back Bodysuit,KIDS,9.0,143
502,Baby Boy Contrast Binding Cartoon Graphic Jumpsuit,KIDS,6.0,129
503,SHEIN Men Patched Detail Contrast Panel Binding Trim Pants,MEN,19.0,161
504,Men Flap Pocket Zipper Detail Pants,MEN,10.0,150
505,Men Slant Pocket Plicated Pants,MEN,17.0,128
506,Men Drawstring Waist Plaid Pants,MEN,17.0,163
507,SHEIN Men Patched Back Solid Pants,MEN,19.0,122
508,SHEIN Men Drawstring Waist Colorblock Sweatpants,MEN,21.0,178
509,Men Plaid Print Tailored Pants,MEN,14.0,197
510,SHEIN Men Drawstring Waist Color Block Tie Dye Sweatpants,MEN,17.0,116
511,Men Camo Flap Pocket Cargo Pants,MEN,22.0,150
512,SHEIN Men Patched Detail Tie Dye Sweatpants,MEN,22.0,110
513,Men Corduroy Solid Slant Pocket Pants,MEN,14.0,122
514,SHEIN Men Letter Tape Insert Drawstring Waist Joggers,MEN,15.0,129
515,Men Contrast Panel Sweatpants,MEN,24.0,152
516,SHEIN Men Drawstring Waist Skull & Slogan Graphic Joggers,MEN,12.0,114
517,Men Camo Print Flap Pocket Cargo Pants,MEN,22.0,105
518,Men Flap Pocket Drawstring Waist Cargo Pants,MEN,24.0,158
519,Men Flap Pocket Drawstring Pants,MEN,14.0,196
520,Men Corduroy Solid Slant Pocket Pants,MEN,24.0,126
521,Men Solid Flap Pocket Sweatpants,MEN,16.0,102
522,SHEIN Men Drawstring Waist Colorblock Pants,MEN,20.0,156
523,Men Letter Tape Corduroy Cargo Pants,MEN,12.0,155
524,SHEIN Men Drawstring Waist Zipper Patch Pocket Pants,MEN,13.0,187
525,Men Drawstring Waist Patched Sweatpants,MEN,20.0,141
526,Men Solid Flap Pocket Cargo Pants,MEN,16.0,105
527,Men Side Panel Drawstring Pants,MEN,23.0,144
528,Men Colorful Splash Ink Print Pants,MEN,19.0,194
529,Men Solid Slant Pocket Tailored Pants,MEN,13.0,105
530,Men Contrast Panel Letter Patched Sweatpants,MEN,21.0,106
531,Men Striped Print Symmetrical Pocket Tailored Pants,MEN,19.0,167
532,Men Solid Drawstring Waist Sweatpants,MEN,11.0,154
533,Men Fire Print Drawstring Sweatpants,MEN,10.0,133
534,Men Dual Pocket Sweatpants,MEN,21.0,145
535,Men Tribal Print Harem Pants,MEN,23.0,129
536,Men Side Tape Flap Pockets Cargo Pants,MEN,20.0,107
537,SHEIN Men Letter Graphic Tape Side Sweatpants,MEN,10.0,161
538,SHEIN Men Letter Embroidered Contrast Tie Dye Sideseam Joggers,MEN,19.0,153
539,Men Contrast Camo Drawstring Waist Pants,MEN,23.0,140
540,Men Pocket Side Tailored Pants,MEN,23.0,185
541,SHEIN Men Zipper Fly Allover Print Tailored Pants,MEN,16.0,192
542,SHEIN Men Drawstring Waist Rainbow Striped Tape Side Sweatpants,MEN,12.0,101
543,Men Chinese Dragon Print Drawstring Pants,MEN,15.0,102
544,SHEIN Men Drawstring Waist Graphic Print Joggers,MEN,19.0,125
545,SHEIN Men Drawstring Waist Slant Pocket Sweatpants,MEN,10.0,101
546,SHEIN Men Push Buckle Strap Detail Flap Pocket Front Wind Pants,MEN,18.0,184
547,Men Solid Elastic Waist Sweatpants,MEN,22.0,188
548,Men Slant Pocket Drawstring Waist Pants,MEN,14.0,170
549,Men Contrast Panel Letter Graphic Drawstring Sweatpants,MEN,13.0,122
550,SHEIN Men Seam Front Tailored Pants,MEN,19.0,102
551,Men Contrast Panel Drawstring Waist Sweatpants,MEN,12.0,134
552,SHEIN Men Letter Waistband Embroidery Detail Pants,MEN,11.0,126
553,SHEIN Men Drawstring Waist Patched Detail Joggers,MEN,21.0,123
554,SHEIN Men Graphic Embroidered Ombre Pants,MEN,24.0,191
555,Men Striped Colorblock Drawstring Sweatpants,MEN,16.0,137
556,SHEIN Men Contrast Buckle Belted Detail Elastic Waist Pants,MEN,13.0,156
557,SHEIN Men Drawstring Waist Striped Side Colorblock Pants,MEN,15.0,185
558,SHEIN Men Graphic Embroidered Striped Trim Sweatpants,MEN,13.0,177
559,SHEIN Men Fire Print Checked Sweatpants,MEN,10.0,175
560,Men Zipper Detail Flap Pocket Cargo Pants,MEN,21.0,109
561,Men Flap Pocket Drawstring Waist Cargo Pants,MEN,20.0,181
562,SHEIN Men Drawstring Waist Slant Pocket Pants,MEN,18.0,167
563,Men Contrast Panel Drawstring Waist Sweatpants,MEN,14.0,137
564,Men Fire Print Drawstring Sweatpants,MEN,16.0,171
565,SHEIN Men Graphic Print Drawstring Waist Slant Pocket Joggers,MEN,23.0,178
566,SHEIN Men Rolled Hem Pants With Chain,MEN,17.0,181
567,Men Drawstring Waist Solid Carrot Pants,MEN,10.0,185
568,Men Letter Tape Symmetrical Pocket Tailored Pants,MEN,20.0,139
569,SHEIN Men Drawstring Waist Mesh Pocket Wind Joggers,MEN,21.0,157
570,SHEIN Girls Zipper Back Scallop Trim Belted Dress,KIDS,19.0,143
571,SHEIN Girls Butterfly Embroidered Top and Tie Front Joggers Set,KIDS,12.0,145
572,SHEIN Girls Mock Neck Solid Top & Camo Print Cargo Pants Set,KIDS,15.0,142
573,SHEIN Girls Open Front Drop Shoulder Floral Print Coat,KIDS,13.0,180
574,SHEIN Girls Drop Shoulder Solid Pullover,KIDS,14.0,143
575,SHEIN Girls Butterfly Print Pocket Front Drop Shoulder Hoodie,KIDS,19.0,162
576,SHEIN Girls 2 Pack Drawstring Waist Solid Sweatpants,KIDS,18.0,183
577,SHEIN Girls Letter Graphic Top & Contrast Sideseam Sweatpants Set,KIDS,17.0,157
578,SHEIN Girls Button Detail Tie Front Top,KIDS,13.0,112
579,Toddler Boys Cartoon Print Hoodie With Sweatpants,KIDS,11.0,171
580,Toddler Girl Floral Print Hoodie With Pants & Headband,KIDS,19.0,187
581,Girls Solid Ribbed Knit Sweater,KIDS,10.0,164
582,SHEIN Girls Letter Graphic Top & Sweatpants Set,KIDS,14.0,149
583,SHEIN Girls Slogan Graphic Hoodie,KIDS,10.0,162
584,SHEIN Girls High Neck Flare Dress,KIDS,19.0,124
585,SHEIN Girls Drop Shoulder Patch Pocket Checker Panel Hoodie,KIDS,14.0,190
586,SHEIN Girls Double Breasted Buckle Strap Cuff Trench Coat,KIDS,10.0,127
587,SHEIN Girls Butterfly Print Tie Dye Sweatpants,KIDS,11.0,161
588,SHEIN Girls Heart Print Tee & Belted Striped Pants Set,KIDS,15.0,160
589,SHEIN Girls Letter Graphic Camo Top & Sweatpants Set,KIDS,17.0,169
590,Toddler Girls Tie Dye Hoodie & Sweatpants,KIDS,18.0,144
591,SHEIN Girls Tie Dye Sweatpants,KIDS,15.0,175
592,SHEIN Girls Pocket Front Figure Graphic Pullover,KIDS,16.0,153
593,Toddler Boys Letter Graphic Raglan Sleeve Sweatshirt With Pants,KIDS,15.0,133
594,SHEIN Girls Waterfall Collar PU Leather Jacket,KIDS,18.0,180
595,SHEIN Girls Slogan and Sunflower Print Hoodie,KIDS,10.0,127
596,SHEIN Girls Allover Letter Graphic Leggings,KIDS,17.0,194
597,SHEIN Girls Drop Shoulder Colorblock Kangaroo Hoodie,KIDS,17.0,164
598,SHEIN Girls Crisscross Cutout Detail Solid Tee,KIDS,14.0,158
599,Toddler Girls Frill Trim Blouse With Pants,KIDS,18.0,170
600,Toddler Boys Letter Graphic Sweatshirt With Patched Joggers,KIDS,14.0,125
601,SHEIN Girls Lace Lantern Sleeve Zip Back Top,KIDS,17.0,153
602,SHEIN Girls Knot Strap Split Hem Butterfly Pattern Velvet Slip Dress,KIDS,15.0,118
603,SHEIN Girls Chinese Dragon Graphic Hoodie,KIDS,14.0,100
604,SHEIN Girls 2 Pack Solid Crop Top & Leggings Set,KIDS,18.0,170
605,SHEIN Girls Letter Graphic Top & Contrast Side Pants Set,KIDS,15.0,103
606,Toddler Boys Chevron & Letter Graphic Sweatshirt With Pants,KIDS,17.0,196
607,SHEIN Girls Sequin Balloon Sleeve Self Belted Dress,KIDS,13.0,138
608,SHEIN Girls Flower Embroidery Patched Hoodie,KIDS,11.0,159
609,SHEIN Girls Paperbag Waist Corduroy Pants,KIDS,14.0,189
610,SHEIN Girls Puff Sleeve Rib-knit Tee,KIDS,12.0,116
611,SHEIN Girls Drop Shoulder Striped Colorblock Sweater,KIDS,17.0,149
612,SHEIN Girls Lace Peter Pan Collar Applique Boxy Pleated Dress,KIDS,11.0,122
613,SHEIN Girls Letter and Lightning Print Drop Shoulder Pullover,KIDS,19.0,172
614,SHEIN Girls Twist Front Tie Dye Hoodie,KIDS,17.0,130
615,SHEIN Girls Slogan Graphic Tee and Camo Leggings Set,KIDS,11.0,148
616,SHEIN Girls Drop Shoulder Letter Hoodie & Camo Leggings Set,KIDS,11.0,177
617,SHEIN Girls Drop Shoulder Plaid Sweatshirt,KIDS,18.0,140
618,SHEIN Girls Colorblock Slogan Graphic Pullover,KIDS,15.0,150
619,SHEIN Girls Solid Cami Top & Belted Pants Set,KIDS,17.0,142
620,Toddler Boys Camo Print Hoodie & Sweatpants,KIDS,17.0,150
